{
    "cx": 51.3107924,
    "cy": 35.71149135
}